Shipment_ID,Order_Date,Delivery_Time_days,Shipment_Volume,Transportation_Cost,Distance_km,Vehicle_Type,Region,Fuel_Cost,Delay
SHP0001,2026-08-17,4.3,77,2413.2,889,Bike,East,603.3,No
SHP0002,2026-02-15,1.4,173,994.2,69,Rail,West,248.55,Yes
SHP0003,2026-02-04,5.2,148,2775.6,982,Van,South,693.9,Yes
SHP0004,2026-04-15,1.0,273,1375.2,189,Truck,West,343.8,Yes
SHP0005,2026-09-12,3.6,475,1298.0,535,Truck,South,324.5,No
SHP0006,2026-07-19,2.6,13,1578.0,410,Bike,South,394.5,Yes
SHP0007,2026-08-13,2.6,123,1985.8,766,Rail,North,496.45,Yes
SHP0008,2026-11-11,4.8,21,3449.0,1435,Van,East,862.25,Yes
SHP0009,2026-05-12,2.5,488,1477.4,623,Bike,East,369.35,No
SHP0010,2026-09-13,3.8,483,3207.4,1123,Truck,North,801.85,Yes
SHP0011,2026-09-13,2.7,99,1452.2,559,Truck,North,363.05,Yes
SHP0012,2026-11-17,2.3,180,892.4,378,Bike,West,223.1,No
SHP0013,2026-06-06,5.0,113,2644.0,1025,Van,North,661.0,Yes
SHP0014,2026-09-13,6.2,334,3236.2,1344,Bike,South,809.05,No
SHP0015,2026-07-28,5.2,214,3093.4,1178,Bike,West,773.35,No
SHP0016,2026-11-11,1.8,116,1411.0,405,Van,South,352.75,Yes
SHP0017,2026-05-07,3.3,99,2427.6,837,Bike,East,606.9,Yes
SHP0018,2026-12-28,3.8,495,2483.4,953,Rail,East,620.85,Yes
SHP0019,2026-04-25,2.8,316,1546.0,525,Van,East,386.5,Yes
SHP0020,2026-02-15,2.1,87,2322.2,639,Bike,West,580.55,No
SHP0021,2026-03-03,3.8,384,2935.0,1130,Truck,North,733.75,Yes
SHP0022,2026-01-10,5.8,500,2801.8,1381,Bike,East,700.45,No
SHP0023,2026-01-22,2.2,438,830.0,270,Van,East,207.5,Yes
SHP0024,2026-04-13,3.8,379,2497.2,849,Bike,East,624.3,No
SHP0025,2026-12-21,3.1,214,2120.0,800,Van,North,530.0,No
SHP0026,2026-05-11,3.6,286,2315.8,831,Truck,South,578.95,No
SHP0027,2026-07-19,5.0,314,2847.6,1207,Van,South,711.9,Yes
SHP0028,2026-03-22,2.3,452,425.6,112,Bike,South,106.4,No
SHP0029,2026-10-26,1.9,21,1631.2,374,Rail,North,407.8,No
SHP0030,2026-04-20,5.1,202,3217.2,1199,Van,South,804.3,Yes
SHP0031,2026-08-03,5.4,383,2364.4,1193,Bike,West,591.1,Yes
SHP0032,2026-11-03,1.6,157,758.0,135,Rail,North,189.5,No
SHP0033,2026-02-14,1.0,222,1347.6,162,Bike,South,336.9,No
SHP0034,2026-06-09,3.9,374,2245.8,586,Truck,South,561.45,No
SHP0035,2026-04-23,3.8,268,1774.4,723,Rail,East,443.6,Yes
SHP0036,2026-02-24,3.1,439,1471.4,688,Rail,West,367.85,Yes
SHP0037,2026-09-14,3.1,410,2516.2,844,Bike,West,629.05,No
SHP0038,2026-09-27,6.5,489,3566.4,1448,Truck,North,891.6,Yes
SHP0039,2026-11-09,1.4,465,1164.2,344,Rail,North,291.05,Yes
SHP0040,2026-03-18,5.7,193,3854.4,1488,Truck,South,963.6,No
SHP0041,2026-09-10,5.6,229,2935.6,1252,Rail,North,733.9,No
SHP0042,2026-06-08,1.6,146,434.0,65,Rail,North,108.5,Yes
SHP0043,2026-10-03,1.4,472,1318.6,237,Rail,West,329.65,Yes
SHP0044,2026-02-27,5.9,89,3172.0,1375,Truck,West,793.0,Yes
SHP0045,2026-06-09,4.8,364,3117.8,1361,Van,South,779.45,No
SHP0046,2026-02-09,3.8,150,1854.0,690,Truck,North,463.5,Yes
SHP0047,2026-06-05,4.4,474,3333.6,1202,Van,East,833.4,No
SHP0048,2026-03-10,2.6,148,1036.6,312,Van,South,259.15,No
SHP0049,2026-08-12,3.8,20,2822.8,1076,Truck,East,705.7,No
SHP0050,2026-12-26,1.5,293,1455.2,149,Truck,South,363.8,Yes
SHP0051,2026-05-25,4.2,140,1876.6,867,Truck,East,469.15,Yes
SHP0052,2026-10-28,2.7,320,1617.4,383,Van,East,404.35,Yes
SHP0053,2026-04-08,3.4,27,2104.4,863,Truck,West,526.1,Yes
SHP0054,2026-06-14,3.9,382,2532.2,934,Truck,East,633.05,Yes
SHP0055,2026-01-28,5.3,416,2881.2,1459,Rail,North,720.3,No
SHP0056,2026-03-06,1.5,205,892.2,89,Bike,North,223.05,Yes
SHP0057,2026-05-18,1.3,489,598.6,72,Truck,South,149.65,Yes
SHP0058,2026-02-09,2.7,128,2415.0,725,Bike,East,603.75,Yes
SHP0059,2026-11-16,2.2,96,2092.2,624,Bike,South,523.05,Yes
SHP0060,2026-11-24,4.9,179,2897.8,1431,Bike,South,724.45,No
SHP0061,2026-06-28,3.6,318,2286.4,858,Bike,East,571.6,Yes
SHP0062,2026-02-04,3.4,111,1544.0,570,Truck,West,386.0,Yes
SHP0063,2026-04-05,2.4,297,1902.0,575,Truck,South,475.5,Yes
SHP0064,2026-05-05,3.8,422,2193.4,773,Bike,South,548.35,Yes
SHP0065,2026-01-11,1.5,469,1213.4,153,Truck,North,303.35,Yes
SHP0066,2026-03-25,5.3,278,2584.0,995,Rail,West,646.0,No
SHP0067,2026-01-22,3.3,62,1562.8,701,Van,East,390.7,Yes
SHP0068,2026-05-25,2.4,115,871.8,196,Bike,South,217.95,Yes
SHP0069,2026-11-10,2.8,433,1862.2,419,Bike,West,465.55,Yes
SHP0070,2026-08-10,3.9,178,1890.4,738,Truck,East,472.6,Yes
SHP0071,2026-10-18,2.8,312,1539.4,528,Rail,West,384.85,No
SHP0072,2026-08-19,3.3,36,1832.2,734,Rail,North,458.05,No
SHP0073,2026-05-20,4.2,90,1662.2,709,Van,East,415.55,No
SHP0074,2026-08-10,3.9,249,2502.6,1052,Van,South,625.65,No
SHP0075,2026-02-09,5.8,415,2839.6,1337,Rail,East,709.9,Yes
SHP0076,2026-03-08,3.7,183,1817.2,689,Bike,East,454.3,Yes
SHP0077,2026-07-11,2.2,458,826.8,296,Van,North,206.7,Yes
SHP0078,2026-09-17,2.9,36,942.6,397,Truck,West,235.65,Yes
SHP0079,2026-12-13,1.6,470,1007.8,426,Van,North,251.95,No
SHP0080,2026-03-04,2.8,334,968.0,365,Van,West,242.0,No
SHP0081,2026-03-12,4.7,242,3425.2,1389,Van,South,856.3,No
SHP0082,2026-04-03,2.8,24,1932.2,734,Van,North,483.05,Yes
SHP0083,2026-07-15,2.7,269,2029.6,687,Rail,West,507.4,No
SHP0084,2026-11-26,1.0,268,1090.6,107,Truck,South,272.65,Yes
SHP0085,2026-06-04,4.1,122,2046.0,650,Rail,East,511.5,No
SHP0086,2026-12-03,3.4,487,1913.8,576,Rail,West,478.45,No
SHP0087,2026-04-28,6.0,136,3290.2,1384,Van,North,822.55,Yes
SHP0088,2026-12-20,3.7,300,1510.2,574,Bike,East,377.55,No
SHP0089,2026-02-28,3.7,194,2078.6,937,Rail,East,519.65,Yes
SHP0090,2026-07-09,4.3,378,3088.8,1211,Rail,East,772.2,Yes
SHP0091,2026-10-11,3.3,453,2710.8,856,Van,West,677.7,Yes
SHP0092,2026-11-16,5.2,482,2433.6,967,Rail,West,608.4,Yes
SHP0093,2026-10-18,3.4,290,2529.8,876,Rail,West,632.45,Yes
SHP0094,2026-09-19,5.4,363,3354.6,1292,Bike,South,838.65,No
SHP0095,2026-09-20,1.0,151,675.0,170,Bike,North,168.75,No
SHP0096,2026-07-10,4.6,300,2308.8,1116,Rail,West,577.2,No
SHP0097,2026-04-14,3.3,355,1361.4,598,Truck,South,340.35,No
SHP0098,2026-04-09,3.8,331,2938.8,1071,Van,West,734.7,Yes
SHP0099,2026-09-24,4.6,250,3346.6,1227,Van,East,836.65,Yes
SHP0100,2026-07-15,3.2,487,1814.0,365,Rail,South,453.5,Yes
SHP0101,2026-08-07,1.5,438,1597.0,255,Rail,South,399.25,No
SHP0102,2026-08-20,2.1,241,2125.2,619,Rail,North,531.3,No
SHP0103,2026-09-09,2.4,279,1279.4,408,Truck,North,319.85,No
SHP0104,2026-07-03,4.2,395,1741.8,826,Rail,West,435.45,No
SHP0105,2026-11-07,4.8,311,2407.2,1129,Rail,North,601.8,No
SHP0106,2026-08-09,2.2,94,1504.6,257,Bike,East,376.15,Yes
SHP0107,2026-12-06,2.1,306,1271.4,73,Truck,North,317.85,No
SHP0108,2026-10-17,3.5,262,2039.4,623,Truck,West,509.85,No
SHP0109,2026-02-21,1.9,277,845.0,230,Bike,East,211.25,No
SHP0110,2026-08-07,5.7,83,3228.2,1429,Rail,North,807.05,No
SHP0111,2026-01-21,2.5,200,1778.4,653,Van,South,444.6,No
SHP0112,2026-02-18,2.3,272,1331.2,104,Truck,South,332.8,Yes
SHP0113,2026-06-05,1.9,78,1056.0,335,Truck,West,264.0,No
SHP0114,2026-01-24,4.0,488,2324.4,673,Bike,East,581.1,No
SHP0115,2026-05-13,1.0,359,449.8,106,Van,East,112.45,No
SHP0116,2026-02-16,4.0,362,1869.2,869,Rail,South,467.3,No
SHP0117,2026-07-01,5.8,429,3061.2,1284,Truck,East,765.3,No
SHP0118,2026-11-18,1.0,122,701.0,65,Bike,West,175.25,No
SHP0119,2026-03-24,4.6,215,2608.8,1216,Truck,West,652.2,Yes
SHP0120,2026-08-24,4.1,127,2787.6,1102,Van,West,696.9,No
SHP0121,2026-11-04,4.7,406,2561.4,873,Bike,South,640.35,No
SHP0122,2026-07-13,2.5,388,1349.0,210,Truck,South,337.25,Yes
SHP0123,2026-07-01,2.1,417,1690.0,615,Bike,East,422.5,No
SHP0124,2026-09-12,3.6,181,1526.0,535,Truck,West,381.5,Yes
SHP0125,2026-06-24,6.6,417,2913.8,1481,Bike,East,728.45,No
SHP0126,2026-11-24,5.1,188,3327.8,1366,Bike,West,831.95,No
SHP0127,2026-12-25,4.6,373,2330.4,793,Truck,West,582.6,No
SHP0128,2026-12-05,2.5,391,1376.4,503,Truck,West,344.1,Yes
SHP0129,2026-12-16,5.9,467,2623.6,1317,Truck,North,655.9,Yes
SHP0130,2026-10-03,2.1,17,702.6,197,Rail,North,175.65,Yes
SHP0131,2026-10-10,6.3,455,2925.4,1498,Truck,East,731.35,No
SHP0132,2026-12-05,4.4,433,2498.0,885,Van,East,624.5,Yes
SHP0133,2026-06-27,5.4,187,2792.4,1058,Bike,West,698.1,Yes
SHP0134,2026-09-10,5.1,150,3033.4,1328,Bike,South,758.35,No
SHP0135,2026-12-28,1.7,319,1633.0,455,Bike,South,408.25,Yes
SHP0136,2026-08-19,2.7,157,2088.6,552,Van,North,522.15,No
SHP0137,2026-09-02,1.9,388,2015.6,557,Rail,North,503.9,Yes
SHP0138,2026-11-25,3.3,451,1918.2,519,Rail,North,479.55,Yes
SHP0139,2026-04-13,2.3,74,1392.4,208,Truck,East,348.1,No
SHP0140,2026-08-19,4.6,19,2785.4,1133,Bike,South,696.35,No
SHP0141,2026-03-06,2.7,130,924.2,349,Bike,North,231.05,No
SHP0142,2026-06-10,3.3,214,1956.4,498,Truck,North,489.1,Yes
SHP0143,2026-01-15,4.4,49,2619.8,991,Bike,East,654.95,No
SHP0144,2026-02-17,2.9,232,2327.0,710,Truck,East,581.75,Yes
SHP0145,2026-08-28,3.2,161,1907.6,867,Bike,West,476.9,No
SHP0146,2026-05-13,1.8,37,1265.6,227,Rail,South,316.4,Yes
SHP0147,2026-12-18,4.9,484,2802.2,1319,Bike,North,700.55,No
SHP0148,2026-02-01,5.0,446,3263.6,1327,Van,West,815.9,No
SHP0149,2026-02-03,3.5,179,2468.4,1048,Van,East,617.1,No
SHP0150,2026-02-11,2.7,151,2313.2,629,Van,North,578.3,Yes
SHP0151,2026-06-01,5.7,403,3088.0,1480,Bike,North,772.0,No
SHP0152,2026-10-19,6.0,146,3060.6,1397,Bike,West,765.15,No
SHP0153,2026-06-28,2.4,169,2247.6,707,Bike,East,561.9,No
SHP0154,2026-04-19,1.0,435,554.2,94,Bike,North,138.55,No
SHP0155,2026-05-10,5.2,373,3811.4,1488,Van,West,952.85,Yes
SHP0156,2026-07-11,2.0,44,1453.0,455,Rail,East,363.25,Yes
SHP0157,2026-01-04,4.5,187,2353.0,995,Bike,East,588.25,No
SHP0158,2026-10-20,5.5,396,3372.2,1464,Van,West,843.05,Yes
SHP0159,2026-02-21,4.8,11,2605.8,1311,Truck,East,651.45,Yes
SHP0160,2026-06-02,6.2,227,3324.2,1439,Van,North,831.05,Yes
SHP0161,2026-11-04,4.0,242,2812.2,1059,Truck,West,703.05,Yes
SHP0162,2026-11-09,5.3,96,3440.6,1252,Rail,North,860.15,No
SHP0163,2026-07-16,2.6,148,1765.8,616,Van,East,441.45,Yes
SHP0164,2026-02-05,3.5,41,1726.0,505,Bike,North,431.5,Yes
SHP0165,2026-12-26,5.1,331,2243.8,1086,Truck,South,560.95,No
SHP0166,2026-08-21,1.1,50,422.0,120,Rail,South,105.5,Yes
SHP0167,2026-09-14,1.5,415,1456.2,399,Bike,East,364.05,Yes
SHP0168,2026-10-24,1.4,318,1477.0,220,Truck,South,369.25,Yes
SHP0169,2026-11-23,5.9,265,3691.2,1444,Rail,East,922.8,No
SHP0170,2026-11-13,4.4,80,2094.6,912,Van,North,523.65,Yes
SHP0171,2026-09-14,2.0,105,2139.6,592,Bike,West,534.9,No
SHP0172,2026-01-28,5.8,172,2846.0,1235,Truck,North,711.5,Yes
SHP0173,2026-10-19,4.7,243,3261.0,1290,Bike,East,815.25,Yes
SHP0174,2026-12-26,2.7,321,1786.6,492,Bike,West,446.65,Yes
SHP0175,2026-12-06,1.3,151,1293.6,297,Bike,North,323.4,Yes
SHP0176,2026-03-09,3.3,476,1347.2,494,Van,West,336.8,No
SHP0177,2026-07-18,2.4,394,1539.0,190,Bike,North,384.75,No
SHP0178,2026-06-04,4.3,360,2747.4,1063,Truck,North,686.85,No
SHP0179,2026-03-06,4.7,90,2826.0,1185,Rail,North,706.5,No
SHP0180,2026-05-07,4.5,52,3073.8,1221,Truck,West,768.45,Yes
SHP0181,2026-05-25,2.4,267,1684.4,703,Rail,North,421.1,Yes
SHP0182,2026-11-23,2.7,322,2146.8,556,Bike,North,536.7,No
SHP0183,2026-03-07,2.5,339,1041.6,377,Bike,West,260.4,Yes
SHP0184,2026-05-15,3.0,361,2052.2,739,Bike,East,513.05,Yes
SHP0185,2026-08-19,2.7,406,744.2,224,Van,East,186.05,Yes
SHP0186,2026-11-21,4.0,436,2388.0,1045,Rail,North,597.0,Yes
SHP0187,2026-05-06,3.4,120,2096.0,570,Van,North,524.0,No
SHP0188,2026-04-11,4.8,241,2373.8,996,Rail,North,593.45,Yes
SHP0189,2026-05-22,1.1,241,1051.0,195,Rail,South,262.75,No
SHP0190,2026-04-25,1.6,355,435.6,32,Truck,East,108.9,No
SHP0191,2026-06-19,4.3,180,2597.6,942,Bike,North,649.4,Yes
SHP0192,2026-12-05,4.3,213,2773.8,1031,Bike,East,693.45,Yes
SHP0193,2026-04-05,3.7,30,2088.0,850,Rail,West,522.0,Yes
SHP0194,2026-04-18,6.3,369,3627.4,1413,Rail,North,906.85,No
SHP0195,2026-10-16,2.6,316,1218.4,238,Rail,North,304.6,No
SHP0196,2026-12-04,3.6,98,1551.6,692,Van,East,387.9,Yes
SHP0197,2026-07-23,4.6,438,2747.0,1110,Van,North,686.75,Yes
SHP0198,2026-12-28,4.9,89,2662.4,998,Van,South,665.6,Yes
SHP0199,2026-04-19,3.3,108,2165.4,693,Rail,West,541.35,No
SHP0200,2026-05-01,2.9,42,1736.8,371,Van,East,434.2,No
